[
    {
        "value":"C",
        "type":"clear"
    },
    {
        "value":"%",
        "type":"operator"
    },
    {
        "value":"Del",
        "type":"delete"
    },
    {
        "value":"/",
        "type":"operator"
    },
   {
        "value":"7",
        "type":"operand"
    },
    {
        "value":"8",
        "type":"operand"
    },
    {
        "value":"9",
        "type":"operand"
    },
    {
        "value":"+",
        "type":"operator"
    },
    {
        "value":"4",
        "type":"operand"
    },
    {
        "value":"5",
        "type":"operand"
    },
    {
        "value":"6",
        "type":"operand"
    },
    {
        "value":"-",
        "type":"operator"
    },
    {
        "value":"1",
        "type":"operand"
    },
    {
        "value":"2",
        "type":"operand"
    },
    {
        "value":"3",
        "type":"operand"
    },
    {
        "value":"*",
        "type":"operator"
    },
    {
        "value":"0",
        "type":"operand"
    },
    {
        "value":".",
        "type":"point"
    },
    {
        "value":"00",
        "type":"operand"
    },
    {
        "value":"=",
        "type":"operator"
    }
]